environment,run,n,threads,chunk,static_time_s,dynamic_time_s,guided_time_s,best_schedule,checksum
wsl_linux_native,1,600,8,4,0.033211,0.026616,0.029110,dynamic,4377091135
windows_native,1,600,8,4,0.037000,0.029000,0.030000,dynamic,4377091135
wsl_linux_native,2,600,8,4,0.035507,0.033438,0.033592,dynamic,4377091135
windows_native,2,600,8,4,0.030000,0.026000,0.031000,dynamic,4377091135
wsl_linux_native,3,600,8,4,0.038156,0.033291,0.035239,dynamic,4377091135
windows_native,3,600,8,4,0.033000,0.029000,0.027000,guided,4377091135
wsl_linux_native,1,800,8,4,0.087230,0.077410,0.075124,guided,10375479609
windows_native,1,800,8,4,0.079000,0.069000,0.071000,dynamic,10375479609
wsl_linux_native,2,800,8,4,0.093878,0.073950,0.086117,dynamic,10375479609
windows_native,2,800,8,4,0.079000,0.060000,0.067000,dynamic,10375479609
wsl_linux_native,3,800,8,4,0.086839,0.075469,0.075917,dynamic,10375479609
windows_native,3,800,8,4,0.074000,0.064000,0.057000,guided,10375479609
wsl_linux_native,1,1000,8,4,0.180120,0.145024,0.149453,dynamic,20267873588
windows_native,1,1000,8,4,0.143000,0.138000,0.159000,dynamic,20267873588
wsl_linux_native,2,1000,8,4,0.157860,0.141602,0.168102,dynamic,20267873588
windows_native,2,1000,8,4,0.163000,0.125000,0.136000,dynamic,20267873588
wsl_linux_native,3,1000,8,4,0.164326,0.148845,0.153572,dynamic,20267873588
windows_native,3,1000,8,4,0.158000,0.124000,0.132000,dynamic,20267873588
