mode,n,run,threads,chunk,static_time_s,dynamic_time_s,guided_time_s,best_schedule,checksum
openmp,512,1,8,4,0.017000,0.016000,0.016000,dynamic,2723632070
openmp,512,2,8,4,0.020000,0.013000,0.014000,dynamic,2723632070
openmp,512,3,8,4,0.017000,0.014000,0.012000,guided,2723632070
openmp,1024,1,8,4,0.189000,0.169000,0.179000,dynamic,21750478311
openmp,1024,2,8,4,0.200000,0.195000,0.182000,guided,21750478311
openmp,1024,3,8,4,0.213000,0.173000,0.221000,dynamic,21750478311
openmp,2048,1,8,4,6.322000,8.794000,8.512000,static,173939377008
openmp,2048,2,8,4,7.196000,9.427000,9.326000,static,173939377008
openmp,2048,3,8,4,6.352000,7.957000,7.546000,static,173939377008
