mode,n,run,block_dim,total_ms,kernel_ms,cuda_checksum,expected_checksum,correct
cuda,512,1,16,3.130000,0.348096,2723632070,2723632070,yes
cuda,512,2,16,2.355600,0.375424,2723632070,2723632070,yes
cuda,512,3,16,2.747600,0.645792,2723632070,2723632070,yes
cuda,1024,1,16,7.516700,2.221408,21750478311,21750478311,yes
cuda,1024,2,16,6.690100,2.165920,21750478311,21750478311,yes
cuda,1024,3,16,6.195100,2.164352,21750478311,21750478311,yes
cuda,2048,1,16,33.095600,17.922688,173939377008,173939377008,yes
cuda,2048,2,16,31.359800,16.409599,173939377008,173939377008,yes
cuda,2048,3,16,32.464700,17.097729,173939377008,173939377008,yes
