section,time,position,paper,computed,difference,within_rounding
6.5 结果与分析,100,0 cm,28.0001,28.000074493799616,-2.5506200383773603e-05,True
6.5 结果与分析,100,0.5 cm,28.0004,28.000420554260415,2.0554260416361103e-05,True
6.5 结果与分析,100,1.0 cm,28.0043,28.004445117832745,0.00014511783274429035,False
6.5 结果与分析,100,1.5 cm,28.0335,28.034344890215152,0.0008448902151521054,False
6.5 结果与分析,100,2.0 cm,28.1823,28.1852308639198,0.002930863919797133,False
6.5 结果与分析,300,0 cm,28.042,28.042477419784746,0.00047741978474391544,False
6.5 结果与分析,300,0.5 cm,28.0648,28.065584138515305,0.0007841385153035674,False
6.5 结果与分析,300,1.0 cm,28.1535,28.154812185954142,0.0013121859541413983,False
6.5 结果与分析,300,1.5 cm,28.3717,28.374142124660807,0.0024421246608063996,False
6.5 结果与分析,300,2.0 cm,28.8552,28.85988066051908,0.00468066051908167,False
6.5 结果与分析,600,0 cm,28.4581,28.45996732054357,0.00186732054356753,False
6.5 结果与分析,600,0.5 cm,28.5408,28.543176271706614,0.002376271706612698,False
6.5 结果与分析,600,1.0 cm,28.8097,28.812627407204047,0.002927407204047938,False
6.5 结果与分析,600,1.5 cm,29.3234,29.327158091348963,0.0037580913489634327,False
6.5 结果与分析,600,2.0 cm,30.1751,30.179933946364315,0.004833946364314556,False
6.5 结果与分析,900,0 cm,29.3328,29.3357808523578,0.0029808523578012114,False
6.5 结果与分析,900,0.5 cm,29.4665,29.47019309949036,0.0036930994903592307,False
6.5 结果与分析,900,1.0 cm,29.8846,29.88869400141624,0.0040940014162416105,False
6.5 结果与分析,900,1.5 cm,30.6267,30.631320076957593,0.004620076957593255,False
6.5 结果与分析,900,2.0 cm,31.7428,31.74785937174545,0.005059371745449681,False
6.5 结果与分析,1200,0 cm,30.5542,30.557870699156467,0.0036706991564656732,False
6.5 结果与分析,1200,0.5 cm,30.7208,30.725293886724387,0.004493886724386442,False
6.5 结果与分析,1200,1.0 cm,31.2341,31.238960867900687,0.004860867900685406,False
6.5 结果与分析,1200,1.5 cm,32.1256,32.13089353910823,0.00529353910823005,False
6.5 结果与分析,1200,2.0 cm,33.4424,33.448245856186304,0.005845856186304843,False
6.5 结果与分析,1500,0 cm,32.0096,32.01379684989678,0.004196849896779042,False
6.5 结果与分析,1500,0.5 cm,32.2,32.205073002674,0.005073002673995575,False
6.5 结果与分析,1500,1.0 cm,32.7798,32.78506476964225,0.005264769642245426,False
6.5 结果与分析,1500,1.5 cm,33.7608,33.76613828941379,0.005338289413785446,False
6.5 结果与分析,1500,2.0 cm,35.1356,35.1403433503325,0.004743350332503837,False
6.5 结果与分析,1800,0 cm,33.5906,33.59485463588754,0.004254635887541269,False
6.5 结果与分析,1800,0.5 cm,33.7866,33.79165978458366,0.005059784583657745,False
6.5 结果与分析,1800,1.0 cm,34.379,34.38429948840587,0.005299488405874797,False
6.5 结果与分析,1800,1.5 cm,35.3776,35.38310619538913,0.005506195389131108,False
6.5 结果与分析,1800,2.0 cm,36.8019,36.80762367289884,0.005723672898838572,False
6.5 结果与分析,100,0 cm,2.55,2.55,0.0,True
6.5 结果与分析,100,0.5 cm,2.55,2.55,0.0,True
6.5 结果与分析,100,1.0 cm,2.55,2.55,0.0,True
6.5 结果与分析,100,1.5 cm,2.55,2.549999919750285,-8.02497148733039e-08,True
6.5 结果与分析,100,2.0 cm,2.2122,2.2122465393802915,4.653938029131055e-05,True
6.5 结果与分析,300,0 cm,2.55,2.55,0.0,True
6.5 结果与分析,300,0.5 cm,2.55,2.55,0.0,True
6.5 结果与分析,300,1.0 cm,2.55,2.5499999984675368,-1.532463045350596e-09,True
6.5 结果与分析,300,1.5 cm,2.549,2.5490382910634564,3.829106345643041e-05,True
6.5 结果与分析,300,2.0 cm,2.0196,2.0196033245888185,3.3245888184652017e-06,True
6.5 结果与分析,600,0 cm,2.55,2.55,0.0,True
6.5 结果与分析,600,0.5 cm,2.55,2.5499999997089002,-2.9109958887829634e-10,True
6.5 结果与分析,600,1.0 cm,2.55,2.5499863353735686,-1.3664626431264537e-05,True
6.5 结果与分析,600,1.5 cm,2.5338,2.533790411975783,-9.58802421680005e-06,True
6.5 结果与分析,600,2.0 cm,1.8485,1.8484862391187271,-1.3760881272917302e-05,True
6.5 结果与分析,900,0 cm,2.55,2.5499999999263467,-7.365308363205259e-11,True
6.5 结果与分析,900,0.5 cm,2.55,2.549999754712641,-2.4528735886875097e-07,True
6.5 结果与分析,900,1.0 cm,2.5496,2.549644588665596,4.458866559620134e-05,True
6.5 结果与分析,900,1.5 cm,2.5014,2.5013876323847692,-1.2367615230601814e-05,True
6.5 结果与分析,900,2.0 cm,1.728,1.727955890529468,-4.4109470531905615e-05,True
6.5 结果与分析,1200,0 cm,2.55,2.549999976278845,-2.372115481819037e-08,True
6.5 结果与分析,1200,0.5 cm,2.55,2.5499919899719776,-8.010028022198412e-06,True
6.5 结果与分析,1200,1.0 cm,2.548,2.5480144663144078,1.4466314407712844e-05,True
6.5 结果与分析,1200,1.5 cm,2.46,2.459979252740701,-2.074725929901433e-05,True
6.5 结果与分析,1200,2.0 cm,1.633,1.633015680798923,1.5680798922890204e-05,True
6.5 结果与分析,1500,0 cm,2.55,2.549999203321459,-7.966785409152521e-07,True
6.5 结果与分析,1500,0.5 cm,2.5499,2.549931058483104,3.105848310402948e-05,True
6.5 结果与分析,1500,1.0 cm,2.5441,2.5441462566115436,4.6256611543782356e-05,True
6.5 结果与分析,1500,1.5 cm,2.4149,2.4148874972589134,-1.2502741086439784e-05,True
6.5 结果与分析,1500,2.0 cm,1.5541,1.5540863133821154,-1.368661788458958e-05,True
6.5 结果与分析,1800,0 cm,2.55,2.549991479212876,-8.520787123877938e-06,True
6.5 结果与分析,1800,0.5 cm,2.5497,2.5496994490175746,-5.509824254623652e-07,True
6.5 结果与分析,1800,1.0 cm,2.5376,2.5375954185826655,-4.581417334392768e-06,True
6.5 结果与分析,1800,1.5 cm,2.3689,2.3688653832509448,-3.4616749055249585e-05,True
6.5 结果与分析,1800,2.0 cm,1.4863,1.4862959834176608,-4.016582339172459e-06,True
7.4 结果与分析,0.5,0 cm,32.2142,32.21449766526422,0.0002976652642203703,False
7.4 结果与分析,0.5,0.5 cm,32.4068,32.40787514842248,0.0010751484224797991,False
7.4 结果与分析,0.5,1.0 cm,32.9922,32.9932297912917,0.0010297912916996665,False
7.4 结果与分析,0.5,1.5 cm,33.9898,33.99065123407365,0.0008512340736501756,False
7.4 结果与分析,0.5,2.0 cm,35.4463,35.44651936706225,0.00021936706225034186,False
7.4 结果与分析,1.0,0 cm,40.4171,40.414210421213966,-0.002889578786032132,False
7.4 结果与分析,1.0,0.5 cm,40.5883,40.5860405579063,-0.0022594420936954407,False
7.4 结果与分析,1.0,1.0 cm,41.0948,41.09239291469959,-0.002407085300411893,False
7.4 结果与分析,1.0,1.5 cm,41.9119,41.90919439545257,-0.0027056045474296297,False
7.4 结果与分析,1.0,2.0 cm,43.0313,43.02796434994286,-0.0033356500571386505,False
7.4 结果与分析,1.5,0 cm,45.8743,45.86918282812587,-0.005117171874125859,False
7.4 结果与分析,1.5,0.5 cm,45.9616,45.95692103582553,-0.004678964174466671,False
7.4 结果与分析,1.5,1.0 cm,46.2188,46.214141000077916,-0.004658999922085627,False
7.4 结果与分析,1.5,1.5 cm,46.6293,46.624689633294906,-0.004610366705094293,False
7.4 结果与分析,1.5,2.0 cm,47.1621,47.15707892177943,-0.005021078220572406,False
7.4 结果与分析,2.0,0 cm,48.4668,48.462162101505555,-0.004637898494443959,False
7.4 结果与分析,2.0,0.5 cm,48.5042,48.49977802053911,-0.004421979460886405,False
7.4 结果与分析,2.0,1.0 cm,48.6138,48.609544731566416,-0.004255268433581705,False
7.4 结果与分析,2.0,1.5 cm,48.7877,48.78365992471413,-0.0040400752858715805,False
7.4 结果与分析,2.0,2.0 cm,49.016,49.0120801662718,-0.003919833728197375,False
7.4 结果与分析,2.5,0 cm,49.4752,49.472202290975474,-0.0029977090245267846,False
7.4 结果与分析,2.5,0.5 cm,49.4872,49.48431130658173,-0.0028886934182708046,False
7.4 结果与分析,2.5,1.0 cm,49.5211,49.51834922401724,-0.0027507759827543055,False
7.4 结果与分析,2.5,1.5 cm,49.572,49.56962343160768,-0.0023765683923215875,False
7.4 结果与分析,2.5,2.0 cm,49.6677,49.666014729176425,-0.0016852708235788327,False
7.4 结果与分析,3.0,0 cm,49.8533,49.85166700420001,-0.0016329957999872136,False
7.4 结果与分析,3.0,0.5 cm,49.8591,49.85751241552549,-0.001587584474506798,False
7.4 结果与分析,3.0,1.0 cm,49.8783,49.87676913073426,-0.0015308692657427514,False
7.4 结果与分析,3.0,1.5 cm,49.9137,49.91225721674175,-0.0014427832582484257,False
7.4 结果与分析,3.0,2.0 cm,49.9699,49.96856514694798,-0.001334853052021856,False
7.4 结果与分析,0.5,0 cm,2.5499,2.54992705723114,2.7057231140048543e-05,True
7.4 结果与分析,0.5,0.5 cm,2.5488,2.548800174031659,1.7403165886165084e-07,True
7.4 结果与分析,0.5,1.0 cm,2.5242,2.5243754783081265,0.00017547830812647547,False
7.4 结果与分析,0.5,1.5 cm,2.3172,2.319358277355887,0.0021582773558868062,False
7.4 结果与分析,0.5,2.0 cm,1.6257,1.6366341863433864,0.010934186343386498,False
7.4 结果与分析,1.0,0 cm,2.5245,2.5248528958947585,0.0003528958947582872,False
7.4 结果与分析,1.0,0.5 cm,2.4926,2.493203008584376,0.0006030085843762301,False
7.4 结果与分析,1.0,1.0 cm,2.352,2.3540936967831794,0.0020936967831794995,False
7.4 结果与分析,1.0,1.5 cm,2.01,2.0166247368145274,0.0066247368145275765,False
7.4 结果与分析,1.0,2.0 cm,1.4474,1.4640807481574336,0.01668074815743359,False
7.4 结果与分析,1.5,0 cm,2.3809,2.383093065069577,0.0021930650695769494,False
7.4 结果与分析,1.5,0.5 cm,2.3195,2.3221962817189383,0.0026962817189382093,False
7.4 结果与分析,1.5,1.0 cm,2.1244,2.12989547979362,0.005495479793619751,False
7.4 结果与分析,1.5,1.5 cm,1.7855,1.7966104635078293,0.011110463507829182,False
7.4 结果与分析,1.5,2.0 cm,1.321,1.3419751123196932,0.02097511231969329,False
7.4 结果与分析,2.0,0 cm,2.1614,2.1667309018220635,0.005330901822063527,False
7.4 结果与分析,2.0,0.5 cm,2.0981,2.1041508184067426,0.006050818406742486,False
7.4 结果与分析,2.0,1.0 cm,1.9098,1.9189814463004562,0.009181446300456253,False
7.4 结果与分析,2.0,1.5 cm,1.6059,1.6209585359863778,0.015058535986377741,False
7.4 结果与分析,2.0,2.0 cm,1.2011,1.22581140892377,0.024711408923769884,False
7.4 结果与分析,2.5,0 cm,1.9434,1.9521843691235279,0.008784369123527869,False
7.4 结果与分析,2.5,0.5 cm,1.8865,1.8960848588909271,0.009584858890927084,False
7.4 结果与分析,2.5,1.0 cm,1.7186,1.7313239109398073,0.012723910939807404,False
7.4 结果与分析,2.5,1.5 cm,1.4487,1.4671100476948415,0.018410047694841447,False
7.4 结果与分析,2.5,2.0 cm,1.0834,1.111304953156509,0.027904953156508983,False
7.4 结果与分析,3.0,0 cm,1.7495,1.7616604688419926,0.012160468841992511,False
7.4 结果与分析,3.0,0.5 cm,1.6991,1.7119844180758022,0.012884418075802095,False
7.4 结果与分析,3.0,1.0 cm,1.5496,1.5655450469803052,0.015945046980305078,False
7.4 结果与分析,3.0,1.5 cm,1.307,1.3283815104212622,0.02138151042126224,False
7.4 结果与分析,3.0,2.0 cm,0.9719,1.0026774319093295,0.030777431909329467,False
8.3 结果与分析,6,0 cm,1.0127,1.0126591412825847,-4.0858717415215295e-05,True
8.3 结果与分析,6,0.5 cm,0.9838,0.9837966386206719,-3.361379328103986e-06,True
8.3 结果与分析,6,1.0 cm,0.8971,0.8970640911682589,-3.590883174109383e-05,True
8.3 结果与分析,6,1.5 cm,0.7502,0.7502186896777813,1.8689677781291714e-05,True
8.3 结果与分析,6,2.0 cm,0.5268,0.52680249359873,2.493598729946811e-06,True
8.3 结果与分析,12,0 cm,0.4528,0.45282164636287187,2.1646362871885483e-05,True
8.3 结果与分析,12,0.5 cm,0.4398,0.4397753610863371,-2.463891366294435e-05,True
8.3 结果与分析,12,1.0 cm,0.3994,0.39943696511054266,3.696511054268603e-05,True
8.3 结果与分析,12,1.5 cm,0.3252,0.3252411428886754,4.1142888675405054e-05,True
8.3 结果与分析,12,2.0 cm,0.1419,0.14186223687435004,-3.776312564995887e-05,True
8.3 结果与分析,18,0 cm,0.2966,0.2966388763440502,3.887634405019824e-05,True
8.3 结果与分析,18,0.5 cm,0.2894,0.28941530666115445,1.5306661154457224e-05,True
8.3 结果与分析,18,1.0 cm,0.2668,0.2668147763876321,1.4776387632142729e-05,True
8.3 结果与分析,18,1.5 cm,0.224,0.22400092589069615,9.258906961406854e-07,True
8.3 结果与分析,18,2.0 cm,0.051,0.05097961499082378,-2.0385009176220048e-05,True
8.3 结果与分析,24,0 cm,0.2369,0.23688407622927685,-1.5923770723152986e-05,True
8.3 结果与分析,24,0.5 cm,0.2319,0.23188722922426225,-1.2770775737747098e-05,True
8.3 结果与分析,24,1.0 cm,0.2161,0.21608242802487765,-1.757197512233799e-05,True
8.3 结果与分析,24,1.5 cm,0.1854,0.1853784039348794,-2.159606512061596e-05,True
8.3 结果与分析,24,2.0 cm,0.0507,0.050745350121274145,4.535012127414306e-05,True
8.3 结果与分析,30,0 cm,0.2055,0.2054550162252889,-4.498377471109927e-05,True
8.3 结果与分析,30,0.5 cm,0.2015,0.2015179551939539,1.7955193953894666e-05,True
8.3 结果与分析,30,1.0 cm,0.189,0.1889792890378231,-2.0710962176900827e-05,True
8.3 结果与分析,30,1.5 cm,0.1642,0.164229035546804,2.90355468039738e-05,True
8.3 结果与分析,30,2.0 cm,0.0506,0.05061371798709586,1.3717987095859807e-05,True
8.3 结果与分析,36,0 cm,0.1858,0.1857536664425934,-4.633355740660261e-05,True
8.3 结果与分析,36,0.5 cm,0.1824,0.1824348396235376,3.48396235375914e-05,True
8.3 结果与分析,36,1.0 cm,0.1718,0.17181472499553616,1.4724995536147256e-05,True
8.3 结果与分析,36,1.5 cm,0.1506,0.15061768431204434,1.7684312044324857e-05,True
8.3 结果与分析,36,2.0 cm,0.0505,0.050527444564392524,2.74445643925203e-05,True
8.3 结果与分析,42,0 cm,0.1721,0.17206333843109456,-3.666156890544392e-05,True
8.3 结果与分析,42,0.5 cm,0.1692,0.1691514118595516,-4.8588140448391215e-05,True
8.3 结果与分析,42,1.0 cm,0.1598,0.1598003608974265,3.6089742649902945e-07,True
8.3 结果与分析,42,1.5 cm,0.141,0.14098094545220613,-1.9054547793856402e-05,True
8.3 结果与分析,42,2.0 cm,0.0505,0.05046559094551499,-3.440905448501286e-05,True
8.3 结果与分析,48,0 cm,0.1619,0.16188931089735578,-1.068910264420686e-05,True
8.3 结果与分析,48,0.5 cm,0.1593,0.1592670259139589,-3.297408604110985e-05,True
8.3 结果与分析,48,1.0 cm,0.1508,0.15082280580261853,2.2805802618541815e-05,True
8.3 结果与分析,48,1.5 cm,0.1337,0.133717570984241,1.7570984240988796e-05,True
8.3 结果与分析,48,2.0 cm,0.0504,0.05041856527292988,1.856527292987825e-05,True
8.3 结果与分析,54,0 cm,0.154,0.15396473765551533,-3.526234448467114e-05,True
8.3 结果与分析,54,0.5 cm,0.1516,0.15156020923686211,-3.979076313789798e-05,True
8.3 结果与分析,54,1.0 cm,0.1438,0.1437998622589806,-1.377410194236539e-07,True
8.3 结果与分析,54,1.5 cm,0.128,0.12799667426154784,-3.3257384521589994e-06,True
8.3 结果与分析,54,2.0 cm,0.0504,0.05038130776705377,-1.8692232946232457e-05,True
8.3 结果与分析,57.6（结束）,0 cm,0.15,0.14999994441479703,-5.558520296822245e-08,True
8.3 结果与分析,57.6（结束）,0.5 cm,0.1477,0.1477017094433939,1.7094433938935616e-06,True
8.3 结果与分析,57.6（结束）,1.0 cm,0.1403,0.14027588743537722,-2.411256462278577e-05,True
8.3 结果与分析,57.6（结束）,1.5 cm,0.1251,0.1251127711458047,1.277114580472416e-05,True
8.3 结果与分析,57.6（结束）,2.0 cm,0.0504,0.05036246468372404,-3.7535316275962016e-05,True
9.6 最终模型的结果与分析,6,0 cm,1.7193,1.7195852276905854,0.0002852276905853657,False
9.6 最终模型的结果与分析,6,0.5 cm,1.5374,1.5377034086656467,0.0003034086656465984,False
9.6 最终模型的结果与分析,6,1.0 cm,1.0224,1.022567987315304,0.0001679873153039857,False
9.6 最终模型的结果与分析,6,药材表面,0.4206,0.42066242781033497,6.242781033499734e-05,False
9.6 最终模型的结果与分析,6,半径 R/cm,1.374,1.374,0.0,True
9.6 最终模型的结果与分析,12,0 cm,0.7376,0.7376699649446705,6.996494467048642e-05,False
9.6 最终模型的结果与分析,12,0.5 cm,0.6545,0.6546196537751217,0.0001196537751216864,False
9.6 最终模型的结果与分析,12,1.0 cm,0.4083,0.40829570821981137,-4.291780188625527e-06,True
9.6 最终模型的结果与分析,12,药材表面,0.1669,0.16694545384984588,4.545384984588896e-05,True
9.6 最终模型的结果与分析,12,半径 R/cm,1.248,1.248,0.0,True
9.6 最终模型的结果与分析,18,0 cm,0.4087,0.4087479097975089,4.7909797508904894e-05,True
9.6 最终模型的结果与分析,18,0.5 cm,0.3686,0.3686457815607351,4.5781560735091986e-05,True
9.6 最终模型的结果与分析,18,1.0 cm,0.2397,0.2397395801156744,3.958011567439801e-05,True
9.6 最终模型的结果与分析,18,药材表面,0.0892,0.08916381379493238,-3.6186205067623156e-05,True
9.6 最终模型的结果与分析,18,半径 R/cm,1.214,1.214,0.0,True
9.6 最终模型的结果与分析,24,0 cm,0.2851,0.28513041332849887,3.041332849884615e-05,True
9.6 最终模型的结果与分析,24,0.5 cm,0.2611,0.26107529719893946,-2.4702801060538793e-05,True
9.6 最终模型的结果与分析,24,1.0 cm,0.179,0.1790531564231351,5.315642313510893e-05,False
9.6 最终模型的结果与分析,24,药材表面,0.0673,0.06731021312552908,1.0213125529082157e-05,True
9.6 最终模型的结果与分析,24,半径 R/cm,1.204,1.204,0.0,True
9.6 最终模型的结果与分析,30,0 cm,0.2263,0.22635335041417615,5.335041417614539e-05,False
9.6 最终模型的结果与分析,30,0.5 cm,0.2094,0.20941944073038654,1.9440730386538485e-05,True
9.6 最终模型的结果与分析,30,1.0 cm,0.1493,0.14934937250875582,4.937250875583499e-05,True
9.6 最终模型的结果与分析,30,药材表面,0.0595,0.059472204947242834,-2.779505275716382e-05,True
9.6 最终模型的结果与分析,30,半径 R/cm,1.201,1.201,0.0,True
9.6 最终模型的结果与分析,36,0 cm,0.1929,0.19285600327680477,-4.3996723195216525e-05,True
9.6 最终模型的结果与分析,36,0.5 cm,0.1797,0.1797004436680044,4.436680043906627e-07,True
9.6 最终模型的结果与分析,36,1.0 cm,0.1317,0.1317474726456192,4.7472645619189846e-05,True
9.6 最终模型的结果与分析,36,药材表面,0.056,0.055950439963328484,-4.9560036671517094e-05,True
9.6 最终模型的结果与分析,36,半径 R/cm,1.2,1.2,0.0,True
9.6 最终模型的结果与分析,42,0 cm,0.1713,0.1712802114864194,-1.9788513580615286e-05,True
9.6 最终模型的结果与分析,42,0.5 cm,0.1604,0.16042100351083646,2.100351083647589e-05,True
9.6 最终模型的结果与分析,42,1.0 cm,0.1201,0.12006034177251332,-3.965822748668024e-05,True
9.6 最终模型的结果与分析,42,药材表面,0.0541,0.05409429895582423,-5.701044175770997e-06,True
9.6 最终模型的结果与分析,42,半径 R/cm,1.2,1.2,0.0,True
9.6 最终模型的结果与分析,48,0 cm,0.1562,0.1561919952607138,-8.004739286193718e-06,True
9.6 最终模型的结果与分析,48,0.5 cm,0.1469,0.14685609338042527,-4.390661957473507e-05,True
9.6 最终模型的结果与分析,48,1.0 cm,0.1116,0.11163806137676081,3.806137676080901e-05,True
9.6 最终模型的结果与分析,48,药材表面,0.053,0.05300297373064802,2.973730648024586e-06,True
9.6 最终模型的结果与分析,48,半径 R/cm,1.2,1.2,0.0,True
9.6 最终模型的结果与分析,51.1（结束）,0 cm,0.15,0.14999990951727227,-9.048272772704813e-08,True
9.6 最终模型的结果与分析,51.1（结束）,0.5 cm,0.1413,0.1412679100171463,-3.208998285370024e-05,True
9.6 最终模型的结果与分析,51.1（结束）,1.0 cm,0.1081,0.108116518245899,1.6518245899002637e-05,True
9.6 最终模型的结果与分析,51.1（结束）,药材表面,0.0526,0.052605792747705715,5.792747705714307e-06,True
9.6 最终模型的结果与分析,51.1（结束）,半径 R/cm,1.2,1.2,0.0,True
